Nombre;Etiqueta
cv_rmmendoza - copia (10).pdf;curriculum
cv_rmmendoza - copia (11).pdf;curriculum
cv_rmmendoza - copia (12).pdf;curriculum
cv_rmmendoza - copia (13).pdf;curriculum
cv_rmmendoza - copia (2).pdf;curriculum
cv_rmmendoza - copia (3).pdf;curriculum
cv_rmmendoza - copia (4).pdf;curriculum
cv_rmmendoza - copia (5).pdf;curriculum
cv_rmmendoza - copia (6).pdf;curriculum
cv_rmmendoza - copia (7).pdf;curriculum
cv_rmmendoza - copia (8).pdf;curriculum
cv_rmmendoza - copia (9).pdf;curriculum
datahubcore-kirby-extension-1.4.0-3.5.9-PR-87-20241203.154722-1-jar-with-dependencies(10) - copia.jar;archivos jar
datahubcore-kirby-extension-1.4.0-3.5.9-PR-87-20241203.154722-1-jar-with-dependencies(11) - copia.jar;archivos jar
datahubcore-kirby-extension-1.4.0-3.5.9-PR-87-20241203.154722-1-jar-with-dependencies(12) - copia.jar;archivos jar
datahubcore-kirby-extension-1.4.0-3.5.9-PR-87-20241203.154722-1-jar-with-dependencies(13) - copia.jar;archivos jar
datahubcore-kirby-extension-1.4.0-3.5.9-PR-87-20241203.154722-1-jar-with-dependencies(2) - copia.jar;archivos jar
datahubcore-kirby-extension-1.4.0-3.5.9-PR-87-20241203.154722-1-jar-with-dependencies(3) - copia.jar;archivos jar
datahubcore-kirby-extension-1.4.0-3.5.9-PR-87-20241203.154722-1-jar-with-dependencies(4) - copia.jar;archivos jar
datahubcore-kirby-extension-1.4.0-3.5.9-PR-87-20241203.154722-1-jar-with-dependencies(5) - copia.jar;archivos jar
datahubcore-kirby-extension-1.4.0-3.5.9-PR-87-20241203.154722-1-jar-with-dependencies(6) - copia.jar;archivos jar
datahubcore-kirby-extension-1.4.0-3.5.9-PR-87-20241203.154722-1-jar-with-dependencies(7) - copia.jar;archivos jar
datahubcore-kirby-extension-1.4.0-3.5.9-PR-87-20241203.154722-1-jar-with-dependencies(8) - copia.jar;archivos jar
datahubcore-kirby-extension-1.4.0-3.5.9-PR-87-20241203.154722-1-jar-with-dependencies(9) - copia.jar;archivos jar
falloparquet - copia (10).jpg;imágenes
falloparquet - copia (11).jpg;imágenes
falloparquet - copia (12).jpg;imágenes
falloparquet - copia (13).jpg;imágenes
falloparquet - copia (2).jpg;imágenes
falloparquet - copia (3).jpg;imágenes
falloparquet - copia (4).jpg;imágenes
falloparquet - copia (5).jpg;imágenes
falloparquet - copia (6).jpg;imágenes
falloparquet - copia (7).jpg;imágenes
falloparquet - copia (8).jpg;imágenes
falloparquet - copia (9).jpg;imágenes
gold_test.conf;conf gold
image - copia (10).png;imágenes
image - copia (11).png;imágenes
image - copia (12).png;imágenes
image - copia (13).png;imágenes
image - copia (2).png;imágenes
image - copia (3).png;imágenes
image - copia (4).png;imágenes
image - copia (5).png;imágenes
image - copia (6).png;imágenes
image - copia (7).png;imágenes
image - copia (8).png;imágenes
image - copia (9).png;imágenes
indra_document - copia (10).pdf;indra
indra_document - copia (11).pdf;indra
indra_document - copia (12).pdf;indra
indra_document - copia (13).pdf;indra
indra_document - copia (2).pdf;indra
indra_document - copia (3).pdf;indra
indra_document - copia (4).pdf;indra
indra_document - copia (5).pdf;indra
indra_document - copia (6).pdf;indra
indra_document - copia (7).pdf;indra
indra_document - copia (8).pdf;indra
indra_document - copia (9).pdf;indra
kbtq_test.conf;conf kbtq
kcsn_test.conf;conf kcsn
kdeo_test.conf;conf kdeo
kmol_test.conf;conf kmol
ksan_test.conf;conf ksan
kszg_test.conf;conf kszg
malla_rzua - copia (10).drawio;dibujos
malla_rzua - copia (11).drawio;dibujos
malla_rzua - copia (12).drawio;dibujos
malla_rzua - copia (13).drawio;dibujos
malla_rzua - copia (2).drawio;dibujos
malla_rzua - copia (3).drawio;dibujos
malla_rzua - copia (4).drawio;dibujos
malla_rzua - copia (5).drawio;dibujos
malla_rzua - copia (6).drawio;dibujos
malla_rzua - copia (7).drawio;dibujos
malla_rzua - copia (8).drawio;dibujos
malla_rzua - copia (9).drawio;dibujos
Mathematics-for-Python-Lectures - copia (10).ipynb;python
Mathematics-for-Python-Lectures - copia (11).ipynb;python
Mathematics-for-Python-Lectures - copia (12).ipynb;python
Mathematics-for-Python-Lectures - copia (13).ipynb;python
Mathematics-for-Python-Lectures - copia (2).ipynb;python
Mathematics-for-Python-Lectures - copia (3).ipynb;python
Mathematics-for-Python-Lectures - copia (4).ipynb;python
Mathematics-for-Python-Lectures - copia (5).ipynb;python
Mathematics-for-Python-Lectures - copia (6).ipynb;python
Mathematics-for-Python-Lectures - copia (7).ipynb;python
Mathematics-for-Python-Lectures - copia (8).ipynb;python
Mathematics-for-Python-Lectures - copia (9).ipynb;python
nimb_test.conf;conf nimb
ohwa_test.conf;conf ohwa
px68_test.conf;conf px68
re4m_test.conf;conf re4m
roadmap - copia (10).pdf;documentos
roadmap - copia (11).pdf;documentos
roadmap - copia (12).pdf;documentos
roadmap - copia (13).pdf;documentos
roadmap - copia (2).pdf;documentos
roadmap - copia (3).pdf;documentos
roadmap - copia (4).pdf;documentos
roadmap - copia (5).pdf;documentos
roadmap - copia (6).pdf;documentos
roadmap - copia (7).pdf;documentos
roadmap - copia (8).pdf;documentos
roadmap - copia (9).pdf;documentos
RZUA.csv - copia (10).gz;comprimidos
RZUA.csv - copia (11).gz;comprimidos
RZUA.csv - copia (12).gz;comprimidos
RZUA.csv - copia (13).gz;comprimidos
RZUA.csv - copia (2).gz;comprimidos
RZUA.csv - copia (3).gz;comprimidos
RZUA.csv - copia (4).gz;comprimidos
RZUA.csv - copia (5).gz;comprimidos
RZUA.csv - copia (6).gz;comprimidos
RZUA.csv - copia (7).gz;comprimidos
RZUA.csv - copia (8).gz;comprimidos
RZUA.csv - copia (9).gz;comprimidos
script_desencadendor - copia (10).gs;apps script
script_desencadendor - copia (11).gs;apps script
script_desencadendor - copia (12).gs;apps script
script_desencadendor - copia (13).gs;apps script
script_desencadendor - copia (2).gs;apps script
script_desencadendor - copia (3).gs;apps script
script_desencadendor - copia (4).gs;apps script
script_desencadendor - copia (5).gs;apps script
script_desencadendor - copia (6).gs;apps script
script_desencadendor - copia (7).gs;apps script
script_desencadendor - copia (8).gs;apps script
script_desencadendor - copia (9).gs;apps script
script_execute_all - copia (10).txt;scripts
script_execute_all - copia (11).txt;scripts
script_execute_all - copia (12).txt;scripts
script_execute_all - copia (13).txt;scripts
script_execute_all - copia (2).txt;scripts
script_execute_all - copia (3).txt;scripts
script_execute_all - copia (4).txt;scripts
script_execute_all - copia (5).txt;scripts
script_execute_all - copia (6).txt;scripts
script_execute_all - copia (7).txt;scripts
script_execute_all - copia (8).txt;scripts
script_execute_all - copia (9).txt;scripts
script_execute_all.txt;scripts
sfma_test.conf;conf sfma
Socis - copia (10).zip;comprimidos
Socis - copia (11).zip;comprimidos
Socis - copia (12).zip;comprimidos
Socis - copia (13).zip;comprimidos
Socis - copia (2).zip;comprimidos
Socis - copia (3).zip;comprimidos
Socis - copia (4).zip;comprimidos
Socis - copia (5).zip;comprimidos
Socis - copia (6).zip;comprimidos
Socis - copia (7).zip;comprimidos
Socis - copia (8).zip;comprimidos
Socis - copia (9).zip;comprimidos
tes1 - copia (10).xlsx;tablas
tes1 - copia (11).xlsx;tablas
tes1 - copia (12).xlsx;tablas
tes1 - copia (13).xlsx;tablas
tes1 - copia (2).xlsx;tablas
tes1 - copia (3).xlsx;tablas
tes1 - copia (4).xlsx;tablas
tes1 - copia (5).xlsx;tablas
tes1 - copia (6).xlsx;tablas
tes1 - copia (7).xlsx;tablas
tes1 - copia (8).xlsx;tablas
tes1 - copia (9).xlsx;tablas
test1 - copia (10).csv;tablas
test1 - copia (11).csv;tablas
test1 - copia (12).csv;tablas
test1 - copia (13).csv;tablas
test1 - copia (2).csv;tablas
test1 - copia (3).csv;tablas
test1 - copia (4).csv;tablas
test1 - copia (5).csv;tablas
test1 - copia (6).csv;tablas
test1 - copia (7).csv;tablas
test1 - copia (8).csv;tablas
test1 - copia (9).csv;tablas
text1 - copia (10).doc;documentos
text1 - copia (10).docx;documentos
text1 - copia (11).doc;documentos
text1 - copia (11).docx;documentos
text1 - copia (12).doc;documentos
text1 - copia (12).docx;documentos
text1 - copia (13).doc;documentos
text1 - copia (13).docx;documentos
text1 - copia (2).doc;documentos
text1 - copia (2).docx;documentos
text1 - copia (3).doc;documentos
text1 - copia (3).docx;documentos
text1 - copia (4).doc;documentos
text1 - copia (4).docx;documentos
text1 - copia (5).doc;documentos
text1 - copia (5).docx;documentos
text1 - copia (6).doc;documentos
text1 - copia (6).docx;documentos
text1 - copia (7).doc;documentos
text1 - copia (7).docx;documentos
text1 - copia (8).doc;documentos
text1 - copia (8).docx;documentos
text1 - copia (9).doc;documentos
text1 - copia (9).docx;documentos
t_hqlt_test.json;esquemas
t_hqlt_test.schema;esquemas
t_kbtq_test.json;esquemas
t_kbtq_test.schema;esquemas
t_kcsn_test.json;esquemas
t_kcsn_test.schema;esquemas
t_kdeo_test.json;esquemas
t_kdeo_test.schema;esquemas
t_kmol_test.json;esquemas
t_kmol_test.schema;esquemas
t_ksan_test.json;esquemas
t_ksan_test.schema;esquemas
t_kszg_test.schema;esquemas
t_kzsg_test.json;esquemas
t_nimb_test.json;esquemas
t_nimb_test.schema;esquemas
t_ohwa_test.json;esquemas
t_ohwa_test.schema;esquemas
t_px68_test.json;esquemas
t_px68_test.schema;esquemas
t_re4m_test.json;esquemas
t_re4m_test.schema;esquemas
t_sfma_test.json;esquemas
t_sfma_test.schema;esquemas
gold_test1.conf;conf gold
gold_test2.conf;conf gold
gold_test3.conf;conf gold
gold_test4.conf;conf gold
gold_test5.conf;conf gold
gold_test6.conf;conf gold
gold_test7.conf;conf gold
gold_test8.conf;conf gold
gold_test9.conf;conf gold
gold_test10.conf;conf gold
gold_test11.conf;conf gold
gold_test12.conf;conf gold
gold_test13.conf;conf gold
gold_test14.conf;conf gold
gold_test15.conf;conf gold
gold_activity_report_daily.conf;conf gold
kbtq_test.conf;conf kbtq
kbtq_test1.conf;conf kbtq
kbtq_test2.conf;conf kbtq
kbtq_test3.conf;conf kbtq
kbtq_test4.conf;conf kbtq
kbtq_test5.conf;conf kbtq
kbtq_test6.conf;conf kbtq
kbtq_test7.conf;conf kbtq
kbtq_test8.conf;conf kbtq
kbtq_test9.conf;conf kbtq
kbtq_test10.conf;conf kbtq
kbtq_test11.conf;conf kbtq
kbtq_test12.conf;conf kbtq
kbtq_test13.conf;conf kbtq
kbtq_test14.conf;conf kbtq
kbtq_test15.conf;conf kbtq
kbtq_activity_report_daily.conf;conf kbtq
kcsn_test.conf;conf kcsn
kcsn_test1.conf;conf kcsn
kcsn_test2.conf;conf kcsn
kcsn_test3.conf;conf kcsn
kcsn_test4.conf;conf kcsn
kcsn_test5.conf;conf kcsn
kcsn_test6.conf;conf kcsn
kcsn_test7.conf;conf kcsn
kcsn_test8.conf;conf kcsn
kcsn_test9.conf;conf kcsn
kcsn_test10.conf;conf kcsn
kcsn_test11.conf;conf kcsn
kcsn_test12.conf;conf kcsn
kcsn_test13.conf;conf kcsn
kcsn_test14.conf;conf kcsn
kcsn_test15.conf;conf kcsn
kcsn_activity_report_daily.conf;conf kcsn
kdeo_test.conf;conf kdeo
kdeo_test1.conf;conf kdeo
kdeo_test2.conf;conf kdeo
kdeo_test3.conf;conf kdeo
kdeo_test4.conf;conf kdeo
kdeo_test5.conf;conf kdeo
kdeo_test6.conf;conf kdeo
kdeo_test7.conf;conf kdeo
kdeo_test8.conf;conf kdeo
kdeo_test9.conf;conf kdeo
kdeo_test10.conf;conf kdeo
kdeo_test11.conf;conf kdeo
kdeo_test12.conf;conf kdeo
kdeo_test13.conf;conf kdeo
kdeo_test14.conf;conf kdeo
kdeo_test15.conf;conf kdeo
kdeo_activity_report_daily.conf;conf kdeo
kmol_test.conf;conf kmol
kmol_test1.conf;conf kmol
kmol_test2.conf;conf kmol
kmol_test3.conf;conf kmol
kmol_test4.conf;conf kmol
kmol_test5.conf;conf kmol
kmol_test6.conf;conf kmol
kmol_test7.conf;conf kmol
kmol_test8.conf;conf kmol
kmol_test9.conf;conf kmol
kmol_test10.conf;conf kmol
kmol_test11.conf;conf kmol
kmol_test12.conf;conf kmol
kmol_test13.conf;conf kmol
kmol_test14.conf;conf kmol
kmol_test15.conf;conf kmol
kmol_activity_report_daily.conf;conf kmol
ksan_test.conf;conf ksan
ksan_test1.conf;conf ksan
ksan_test2.conf;conf ksan
ksan_test3.conf;conf ksan
ksan_test4.conf;conf ksan
ksan_test5.conf;conf ksan
ksan_test6.conf;conf ksan
ksan_test7.conf;conf ksan
ksan_test8.conf;conf ksan
ksan_test9.conf;conf ksan
ksan_test10.conf;conf ksan
ksan_test11.conf;conf ksan
ksan_test12.conf;conf ksan
ksan_test13.conf;conf ksan
ksan_test14.conf;conf ksan
ksan_test15.conf;conf ksan
ksan_activity_report_daily.conf;conf ksan
kszg_test.conf;conf kszg
kszg_test1.conf;conf kszg
kszg_test2.conf;conf kszg
kszg_test3.conf;conf kszg
kszg_test4.conf;conf kszg
kszg_test5.conf;conf kszg
kszg_test6.conf;conf kszg
kszg_test7.conf;conf kszg
kszg_test8.conf;conf kszg
kszg_test9.conf;conf kszg
kszg_test10.conf;conf kszg
kszg_test11.conf;conf kszg
kszg_test12.conf;conf kszg
kszg_test13.conf;conf kszg
kszg_test14.conf;conf kszg
kszg_test15.conf;conf kszg
kszg_activity_report_daily.conf;conf kszg
nimb_test.conf;conf nimb
nimb_test1.conf;conf nimb
nimb_test2.conf;conf nimb
nimb_test3.conf;conf nimb
nimb_test4.conf;conf nimb
nimb_test5.conf;conf nimb
nimb_test6.conf;conf nimb
nimb_test7.conf;conf nimb
nimb_test8.conf;conf nimb
nimb_test9.conf;conf nimb
nimb_test10.conf;conf nimb
nimb_test11.conf;conf nimb
nimb_test12.conf;conf nimb
nimb_test13.conf;conf nimb
nimb_test14.conf;conf nimb
nimb_test15.conf;conf nimb
nimb_activity_report_daily.conf;conf nimb
px68_test.conf;conf px68
px68_test1.conf;conf px68
px68_test2.conf;conf px68
px68_test3.conf;conf px68
px68_test4.conf;conf px68
px68_test5.conf;conf px68
px68_test6.conf;conf px68
px68_test7.conf;conf px68
px68_test8.conf;conf px68
px68_test9.conf;conf px68
px68_test10.conf;conf px68
px68_test11.conf;conf px68
px68_test12.conf;conf px68
px68_test13.conf;conf px68
px68_test14.conf;conf px68
px68_test15.conf;conf px68
px68_activity_report_daily.conf;conf px68
re4m_test.conf;conf re4m
re4m_test1.conf;conf re4m
re4m_test2.conf;conf re4m
re4m_test3.conf;conf re4m
re4m_test4.conf;conf re4m
re4m_test5.conf;conf re4m
re4m_test6.conf;conf re4m
re4m_test7.conf;conf re4m
re4m_test8.conf;conf re4m
re4m_test9.conf;conf re4m
re4m_test10.conf;conf re4m
re4m_test11.conf;conf re4m
re4m_test12.conf;conf re4m
re4m_test13.conf;conf re4m
re4m_test14.conf;conf re4m
re4m_test15.conf;conf re4m
re4m_activity_report_daily.conf;conf re4m
ohwa_test.conf;conf ohwa
ohwa_test1.conf;conf ohwa
ohwa_test2.conf;conf ohwa
ohwa_test3.conf;conf ohwa
ohwa_test4.conf;conf ohwa
ohwa_test5.conf;conf ohwa
ohwa_test6.conf;conf ohwa
ohwa_test7.conf;conf ohwa
ohwa_test8.conf;conf ohwa
ohwa_test9.conf;conf ohwa
ohwa_test10.conf;conf ohwa
ohwa_test11.conf;conf ohwa
ohwa_test12.conf;conf ohwa
ohwa_test13.conf;conf ohwa
ohwa_test14.conf;conf ohwa
ohwa_test15.conf;conf ohwa
ohwa_activity_report_daily.conf;conf ohwa
sfma_test.conf;conf sfma
sfma_test1.conf;conf sfma
sfma_test2.conf;conf sfma
sfma_test3.conf;conf sfma
sfma_test4.conf;conf sfma
sfma_test5.conf;conf sfma
sfma_test6.conf;conf sfma
sfma_test7.conf;conf sfma
sfma_test8.conf;conf sfma
sfma_test9.conf;conf sfma
sfma_test10.conf;conf sfma
sfma_test11.conf;conf sfma
sfma_test12.conf;conf sfma
sfma_test13.conf;conf sfma
sfma_test14.conf;conf sfma
sfma_test15.conf;conf sfma
sfma_activity_report_daily.conf;conf sfma
kmol-es-krb-inm-cardauthrecord1-01.conf;conf kmol
kmol-es-krb-inm-cardmov-01.conf;conf kmol
kmol-es-krb-inm-cardmov-02.conf;conf kmol
